URL,Reference,Description,Sizes,Inventory,Image,Color
https://shop.mango.com/us/en/p/women/dresses-and-jumpsuits/dresses/animal-print-ruffle-dress_87030621,87030621,Lightweight fabric. Short design. A-line design. V-neck. Wrap collar. Long flared sleeve. Fitted waist. Side closure. Ruffle detail at the hem. Lining only. Available in Plus.,"0, 2, 4, 6, 8, 10, 12, 14, 16, 18, 20","Available, Available, Available, Available, Available, Available, Available, Available, Available, Available, Available",,Brown
https://shop.mango.com/us/en/p/women/dresses-and-jumpsuits/dresses/animal-print-ruffled-dress_87010622,87010622,Lightweight fabric. A-line design. Short design. Animal print. Leopard print. V-neck. Wrap collar. Three quarter sleeve. Elastic cuffs. No closure. Ruffle detail at the hem. Lining only. Available in Plus.,"0, 2, 4, 6, 8, 10, 12, 14, 16, 18, 20","Available, Available, Available, Available, Available, Available, Available, Available, Available, Available, Available",,Black
https://shop.mango.com/us/en/p/women/dresses-and-jumpsuits/dresses/asymmetric-draped-gown_87060609,87060609,Flowy textured fabric. Lightweight fabric. Short design. Shaved design. Asymmetric neckline. Low neckline. Long sleeves. Gathered cuffs. Draped waist. Asymmetric hem. Side zipper closure. Lining only.,"2, 4, 6, 8, 10","Available, Available, Available, Available, Last Few Items",,Red
https://shop.mango.com/us/en/p/women/dresses-and-jumpsuits/dresses/asymmetrical-combined-dress_77097688,77097688,Asymmetric design. Short design. Combined design. Straight design. Asymmetric neckline. Long sleeves. Bow on the waist. Side zipper closure. The model is 1.79 tall and is wearing a size 36. Fitted design.,"0, 2, 4, 6, 8, 10, 12","Not Available, Not Available, Available, Not Available, Not Available, Not Available, Not Available",,Black
https://shop.mango.com/us/en/p/women/dresses-and-jumpsuits/dresses/asymmetrical-draped-short-dress_87075746,87075746,Fluid fabric. Shaved design. Asymmetric design. Short design. Off shoulder. Asymmetric neckline. Fitted design. Side zipper closure.,"2, 4, 6, 8, 10","Not Available, Not Available, Not Available, Last Few Items, Last Few Items",,Blue
https://shop.mango.com/us/en/p/women/dresses-and-jumpsuits/dresses/asymmetrical-puff-sleeve-dress_87052532,87052532,100% cotton fabric. Slim silhouette. Shaved design. Short design. Asymmetric neckline. Puffed short sleeve. Side zipper closure. Inner lining.,"2, 4, 6, 8, 10","Available, Available, Last Few Items, Last Few Items, Last Few Items",,White
https://shop.mango.com/us/en/p/women/dresses-and-jumpsuits/dresses/balloon-effect-textured-dress_87097718,87097718,Cotton blend fabric. Textured fabric. Short design. V-neck. Sleeveless. Thin Straps. Bubble hem. Back zipper closure. Selection Collection.,"2, 4, 6, 8","Available, Available, Available, Available",,White
https://shop.mango.com/us/en/p/women/dresses-and-jumpsuits/dresses/belt-shirt-dress_87060583,87060583,Lightweight fabric. Straight design. Short design. Shirt Collar. Short sleeve. Front button closure. Nightgown-style belt. Unlined. Front closure.,"2, 4, 6, 8, 10","Last Few Items, Last Few Items, Available, Available, Last Few Items",,Beige
https://shop.mango.com/us/en/p/women/dresses-and-jumpsuits/dresses/belted-blazer-dress_87070630,87070630,A-line design. Short design. Lapel-collar V-neck collar. Long sleeves. Three welt pockets on the front. Double button fastening. Lining only. Decorative belt.,"0, 2, 4, 6, 8, 10, 12","Not Available, Last Few Items, Last Few Items, Available, Available, Last Few Items, Last Few Items",,Black
https://shop.mango.com/us/en/p/women/dresses-and-jumpsuits/dresses/bow-wrap-dress_77029060,77029060,Lightweight fabric. Front closure. Long sleeves. Lining only. Fluid fabric. Wrap design. Straight design. Short design. Lapel-collar V-neck collar. Wrap collar. Bow on the waist. Inner lining. Available in Plus.,"0, 2, 4, 6, 8, 10, 12, 14, 16, 18, 20","Not Available, Available, Available, Available, Not Available, Last Few Items, Not Available, Not Available, Not Available, Not Available, Not Available",,Black
https://shop.mango.com/us/en/p/women/dresses-and-jumpsuits/dresses/buckle-wrap-dress_67010468,67010468,Fluid fabric. Short design. Straight design. Wrap design. V-neck. Long sleeve with buttoned cuffs. Strap with buckle closure. Gathered details. Inner lining. Party and ceremony collection. The model is 1.79 tall and is wearing a size 36.,"0, 2, 4, 6, 8, 10, 12","Last Few Items, Not Available, Available, Not Available, Not Available, Not Available, Not Available",,Black
https://shop.mango.com/us/en/p/women/dresses-and-jumpsuits/dresses/button-knit-dress_87070585,87070585,Fine knit fabric. Slim fit. Short design. Polo collar. Short sleeve. Button Closure at the Front. Jewel effect buttons. Unlined.,"2, 4, 6, 8, 10","Not Available, Last Few Items, Not Available, Last Few Items, Not Available",,Navy
https://shop.mango.com/us/en/p/women/dresses-and-jumpsuits/dresses/combined-dress-with-puffed-hem_87069208,87069208,Combined fabric. Short design. A-line design. Low neckline. Short sleeve. Bubble hem. No closure.,"0, 2, 4, 6, 8, 10, 12","Available, Available, Available, Available, Available, Available, Available",,White
https://shop.mango.com/us/en/p/women/dresses-and-jumpsuits/dresses/combined-short-knitted-dress_87060639,87060639,Knitted fabric. A-line design. Short design. Decorative belts. Turtleneck. Long sleeves. Belt loops. Side zipper closure. Unlined. Combined design.,"2, 4, 6, 8, 10","Available, Available, Available, Available, Last Few Items",,Beige
https://shop.mango.com/us/en/p/women/dresses-and-jumpsuits/dresses/cotton-dress-with-draped-collar_87014426,87014426,"Cotton blend fabric. Short design. Straight design. Draped neckline. Sleeveless. Side zipper closure. Selection Collection. This garment is part of our event collection, designed to make you the perfect guest at any party, wedding, or ceremony.","2, 4, 6, 8","Available, Available, Available, Available",,Ecru
https://shop.mango.com/us/en/p/women/dresses-and-jumpsuits/dresses/cotton-dress-with-frayed-neckline_87058275,87058275,Cotton and linen blend fabric. Short design. Straight design. Low neckline. Sleeveless. Thin Straps. Open back. Back zipper closure. Selection Collection.,"2, 4, 6, 8","Available, Available, Available, Available",,Beige
https://shop.mango.com/us/en/p/women/dresses-and-jumpsuits/dresses/cotton-wrap-dress_87090579,87090579,100% cotton fabric. Wrap design. Short design. Puffed sleeves with elastic cuffs. Stand-up collar. V-neck. Puffed three quarter sleeves. Knot closure. Straight design.,"2, 4, 6, 8, 10","Last Few Items, Last Few Items, Last Few Items, Available, Not Available",,Red
https://shop.mango.com/us/en/p/women/dresses-and-jumpsuits/dresses/crochet-a-line-dress_87077172,87077172,Crochet fabric. Handmade. Short design. A-line design. Halter neck. Sleeveless. Button closure at the back. Inner lining.,"2, 4, 6, 8","Available, Available, Available, Available",,Off White
https://shop.mango.com/us/en/p/women/dresses-and-jumpsuits/dresses/crochet-knitted-dress_87012533,87012533,100% cotton fabric. Crochet design. Short design. Slim silhouette. Round neck. Short sleeve. Button closure at the back. Inner lining.,"2, 4, 6, 8","Available, Available, Available, Available",,Khaki
https://shop.mango.com/us/en/p/women/dresses-and-jumpsuits/dresses/crochet-short-dress_87088642,87088642,Cotton fabric. Crochet design. Short design. Straight design. Round neck. Sleeveless. Wide straps. Button closure at the back. Inner lining.,"4, 6, 8","Available, Available, Available",,Black
https://shop.mango.com/us/en/p/women/dresses-and-jumpsuits/dresses/denim-dress-with-puffed-hem_17031268,17031268,Denim-style cotton fabric. Short design. Straight design. Round neck. Sleeveless. Button closure at the back. Bubble hem.,"4, 6, 8","Available, Available, Available",,White
https://shop.mango.com/us/en/p/women/dresses-and-jumpsuits/dresses/denim-jumpsuit-short_17041199,17041199,Denim-style cotton fabric. Short design. Low neckline. Sleeveless. Thin Straps. Wrap detail. Side zipper closure.,"XS, S, M, L, XL","Available, Available, Available, Available, Available",,Open Blue
https://shop.mango.com/us/en/p/women/dresses-and-jumpsuits/dresses/denim-wrap-dress_87070588,87070588,100% Cotton. Denim-style cotton fabric. Lightweight fabric. Short design. Straight design. Wrap design. Round neck. Sleeveless. Back zipper closure. Tie closure. Unlined.,"2, 4, 6, 8, 10","Last Few Items, Not Available, Last Few Items, Not Available, Not Available",,Dark Blue
https://shop.mango.com/us/en/p/women/dresses-and-jumpsuits/dresses/draped-body-balloon-skirt-dress_87095757,87095757,Mini design. Shaved design. A-line design. Combined design. Bubble hem. Strapless. Invisible lateral zipper fastening. Party collection.,"4, 6, 8","Available, Available, Available",,Ecru
https://shop.mango.com/us/en/p/women/dresses-and-jumpsuits/dresses/draped-satin-dress-with-bow-detail_87085991,87085991,"Dazzle in this satin fabric dress that radiates a subtle and sophisticated shine. Its asymmetrical design adds a modern and bold touch, while the detachable neck tie offers versatility to customize your style. This garment is the perfect choice for those looking to stand out with elegance and originality at any special event. Satin fabric. Short design. Fitted design. Asymmetric neckline. Maxi bow detail on the strap. Draped waist. Side zipper closure. Inner lining. Party and ceremony collection. Items from the CAPSULE collection can be exchanged or returned within 14 days from the date of shipment. This garment is part of our event collection, designed to make you the perfect guest at any party, wedding, or ceremony.","2, 4, 6, 8","Available, Available, Available, Last Few Items",,Sky Blue
https://shop.mango.com/us/en/p/women/dresses-and-jumpsuits/dresses/draped-textured-dress_87068270,87068270,Modal fabric. Textured fabric. Short design. Fitted design. Draped neckline. Short sleeve. Draped waist. Back zipper closure. Available in Plus.,"0, 2, 4, 6, 8, 10, 12, 14, 16, 18, 20","Last Few Items, Available, Available, Available, Available, Last Few Items, Not Available, Last Few Items, Last Few Items, Last Few Items, Last Few Items",,Brown
https://shop.mango.com/us/en/p/women/dresses-and-jumpsuits/dresses/draped-textured-dress_87068270?c=43,87068270,Modal fabric. Textured fabric. Short design. Fitted design. Draped neckline. Short sleeve. Draped waist. Back zipper closure. Available in Plus.,"0, 2, 4, 6, 8, 10, 12","Not Available, Available, Available, Available, Available, Available, Not Available",,Green
https://shop.mango.com/us/en/p/women/dresses-and-jumpsuits/dresses/fitted-textured-knitted-dress_87079064,87079064,Knitted fabric. Textured fabric. Short design. Fitted design. Round neck. Sleeveless. Wide straps. No closure.,"2, 4, 6, 8, 10","Available, Available, Available, Available, Available",,Ecru
https://shop.mango.com/us/en/p/women/dresses-and-jumpsuits/dresses/floral-crochet-dress_77070384,77070384,Cotton blend fabric. Short design. Straight design. Floral pattern. Round neck. Sleeveless. Inner lining. No closure. Crochet fabric.,"4, 6, 8","Available, Available, Not Available",,Ecru
https://shop.mango.com/us/en/p/women/dresses-and-jumpsuits/dresses/floral-print-dress-with-knot_87070581,87070581,100% cotton fabric. Lightweight fabric. Floral print. Shirt Collar. Short sleeve. Front button closure. Frill detail. Knot detail at the front.,"2, 4, 6, 8, 10","Available, Not Available, Available, Last Few Items, Not Available",,Ecru
https://shop.mango.com/us/en/p/women/dresses-and-jumpsuits/dresses/halter-dress-with-feather-decoration_87010271,87010271,"This piece with a halter neckline and feather trim brings sophistication, but at the same time a fun, rejuvenating and different touch. Fluid fabric. Straight design. Short design. Feather detail. Halter neck. Open back. Sleeveless. Bow at the neck. Maxi bow. Inner lining. Party and ceremony collection. Items from the CAPSULE collection can be exchanged or returned within 14 days from the date of shipment. This garment is part of our event collection, designed to make you the perfect guest at any party, wedding, or ceremony.","2, 4, 6, 8, 10","Last Few Items, Last Few Items, Available, Last Few Items, Last Few Items",,Black
https://shop.mango.com/us/en/p/women/dresses-and-jumpsuits/dresses/halter-dress-with-feather-decoration_87025971,87025971,"This piece with a halter neckline and feather trim brings sophistication, but at the same time a fun, rejuvenating and different touch. Short design. Straight design. Ostrich feather ornament. Halter neck. Sleeveless. Button closure at the neck. Bow detail at the neck. Inner lining. Exclusive Online. Party and ceremony collection. Items from the CAPSULE collection can be exchanged or returned within 14 days from the date of shipment. This garment is part of our event collection, designed to make you the perfect guest at any party, wedding, or ceremony.","2, 4, 6, 8, 10","Last Few Items, Last Few Items, Available, Available, Last Few Items",,Ecru
https://shop.mango.com/us/en/p/women/dresses-and-jumpsuits/dresses/knitted-dress-openwork-details_87097190,87097190,Fine knit fabric. Short design. Straight design. Boat neck. Sleeveless. Openwork details. No closure.,"4, 6, 8","Available, Available, Available",,Ecru
https://shop.mango.com/us/en/p/women/dresses-and-jumpsuits/dresses/knitted-dress-with-bow-neckline_17061217,17061217,Fine knit fabric. Short design. A-line design. V-neck. Bow detail on the neckline. Short sleeve. No closure.,"0, 2, 4, 6, 8, 10, 12","Last Few Items, Available, Available, Available, Available, Available, Available",,Black
https://shop.mango.com/us/en/p/women/dresses-and-jumpsuits/dresses/knitted-dress-with-bow-neckline_17061217?c=70,17061217,Fine knit fabric. Short design. A-line design. V-neck. Bow detail on the neckline. Short sleeve. No closure.,"0, 2, 4, 6, 8, 10, 12","Available, Available, Available, Available, Available, Available, Last Few Items",,Red
https://shop.mango.com/us/en/p/women/dresses-and-jumpsuits/dresses/knitted-dress-with-combined-stripes_87087190,87087190,Knitted fabric. Fitted design. Short design. Striped print. Round neck. Wide straps. No closure.,"0, 2, 4, 6, 8, 10, 12","Available, Available, Available, Available, Available, Available, Available",,Dark Navy
https://shop.mango.com/us/en/p/women/dresses-and-jumpsuits/dresses/knot-detail-shirt-dress_87012534,87012534,Linen blend fabric. Lightweight fabric. Fluid fabric. Short design. A-line design. Shirt Collar. Long sleeve with buttoned cuffs. Button Closure at the Front. Knot detail at the front.,"2, 4, 6, 8, 10","Available, Available, Last Few Items, Available, Last Few Items",,Red
https://shop.mango.com/us/en/p/women/dresses-and-jumpsuits/dresses/lace-detail-shirt-dress_87090582,87090582,100% cotton. Lightweight fabric. Straight design. Short design. Shirt Collar. Short sleeve. Fitted waist. Front button closure. Lace hem. Unlined.,"2, 4, 6, 8, 10","Not Available, Not Available, Available, Available, Not Available",,Blue
https://shop.mango.com/us/en/p/women/dresses-and-jumpsuits/dresses/leopard-print-flared-dress_77054073,77054073,Fluid fabric. Short design. A-line design. Animal print. Leopard print. Round neck. Long sleeves. Long sleeves with elastic cuffs. Bow fastening on the neck. Inner lining.,"0, 2, 4, 6, 8, 10, 12","Not Available, Available, Available, Available, Last Few Items, Not Available, Not Available",,Brown
https://shop.mango.com/us/en/p/women/dresses-and-jumpsuits/dresses/linen-dress-with-contrasting-details_77010365,77010365,100% linen fabric. Short design. Straight design. Strapless. Sleeveless. Thin Straps. Back zipper closure. Contrast detail. Scalloped edges.,"2, 4, 6, 8, 10","Not Available, Available, Not Available, Available, Available",,Sand
https://shop.mango.com/us/en/p/women/dresses-and-jumpsuits/dresses/linen-dress-with-draped-collar_87010591,87010591,Linen blend fabric. Lightweight fabric. Straight design. Short design. Round neck. Draped neckline. Short sleeve. Back closure. Unlined.,"2, 4, 6, 8, 10","Available, Available, Available, Not Available, Not Available",,Red
https://shop.mango.com/us/en/p/women/dresses-and-jumpsuits/dresses/mini-crochet-dress-with-bow_87059205,87059205,Medium knit fabric. Crochet design. Short design. Fitted design. V-neck. Long sleeves. Tie closure at front.,"4, 6, 8","Available, Available, Available",,White
https://shop.mango.com/us/en/p/women/dresses-and-jumpsuits/dresses/open-back-crochet-dress_17051222,17051222,Fine knit fabric. Crochet design. Short design. Straight design. Boat neck. Long flared sleeve. Back neckline. Back knot closure.,"4, 6, 8","Last Few Items, Last Few Items, Last Few Items",,Chocolate
https://shop.mango.com/us/en/p/women/dresses-and-jumpsuits/dresses/open-back-crochet-dress_87067171,87067171,Crochet fabric. Floral embroidery. Short design. Straight design. Round neck. Sleeveless. Open back. No closure. Inner lining.,"4, 6, 8","Available, Available, Available",,Chocolate
https://shop.mango.com/us/en/p/women/dresses-and-jumpsuits/dresses/open-back-knitted-dress_77039038,77039038,Fine knit fabric. Fitted design. Short design. Halter neck. Sleeveless. No closure. The model is 1.77 tall and is wearing a size 36. Party and ceremony collection.,"4, 6, 8","Not Available, Last Few Items, Last Few Items",,Black
https://shop.mango.com/us/en/p/women/dresses-and-jumpsuits/dresses/perkins-neck-knitted-dress_87097184,87097184,Fine knit fabric. Straight design. Short design. Perkins collar. Sleeveless. No closure. Available in Plus.,"0, 2, 4, 6, 8, 10, 12","Not Available, Available, Available, Available, Available, Available, Not Available",,Black
https://shop.mango.com/us/en/p/women/dresses-and-jumpsuits/dresses/perkins-neck-knitted-dress_87097184?c=32,87097184,Fine knit fabric. Straight design. Short design. Perkins collar. Sleeveless. No closure. Available in Plus.,"0, 2, 4, 6, 8, 10, 12, 14, 16, 18, 20","Not Available, Available, Available, Available, Available, Available, Not Available, Last Few Items, Last Few Items, Last Few Items, Last Few Items",,Chocolate
https://shop.mango.com/us/en/p/women/dresses-and-jumpsuits/dresses/printed-bow-dress_77060344,77060344,Fluid fabric. A-line design. Short design. V-neck. Three quarter sleeve with elastic cuffs. Tie closure. Frill detail. Available in Plus. Printed Design. Front button closure.,"0, 2, 4, 6, 8, 10, 12, 14, 16, 18, 20","Not Available, Available, Available, Available, Not Available, Not Available, Not Available, Not Available, Not Available, Not Available, Not Available",,Lime
https://shop.mango.com/us/en/p/women/dresses-and-jumpsuits/dresses/printed-dress-with-openings_67028648,67028648,Linen blend fabric. Straight design. Short design. Halter neck. Cut-out. Open back. Sleeveless. Bow fastening on the neck. Back zipper closure. Printed Design.,"2, 4, 6, 8","Not Available, Not Available, Not Available, Last Few Items",,Blue
https://shop.mango.com/us/en/p/women/dresses-and-jumpsuits/dresses/printed-dress-with-turn-down-neckline_77040628,77040628,Fluid fabric. Short design. Strapless. Sleeveless. Thin Straps. Bow fastening on the neck. Inner lining. Multi-position suspenders. Printed fabric of Italian origin. Turn-down neckline. Fitted design.,"2, 4, 6, 8, 10","Last Few Items, Available, Not Available, Not Available, Not Available",,Green
https://shop.mango.com/us/en/p/women/dresses-and-jumpsuits/dresses/ruffle-knit-dress_17021263,17021263,Fine knit fabric. Short design. A-line design. Low neckline. Sleeveless. Thin Straps. Maxi flounce. No closure.,"0, 2, 4, 6, 8, 10","Not Available, Available, Available, Available, Available, Not Available",,Black
https://shop.mango.com/us/en/p/women/dresses-and-jumpsuits/dresses/semi-transparent-feather-dress_87020274,87020274,"We have combined two of the trends of the moment: transparencies and feathers. It has a lingerie-style inner piece that together with the chiffon layer with halter-neck detail becomes an elegant and original option for your most special events. Straight design. Short design. Turtleneck. Puffed sleeves. Bow fastening on the cuffs. Keyhole detail on the back with button fastening. Made in Portugal. Party and ceremony collection. Items from the CAPSULE collection can be exchanged or returned within 14 days from the date of shipment. This garment is part of our event collection, designed to make you the perfect guest at any party, wedding, or ceremony.","2, 4, 6, 8, 10","Not Available, Not Available, Last Few Items, Not Available, Not Available",,Night Blue
https://shop.mango.com/us/en/p/women/dresses-and-jumpsuits/dresses/sequin-embellishment-ruffle-dress_87000361,87000361,"Medium size. This strapless design with ruffle embellishments will accompany you on your most special nights so that you stand out with sophistication. Its short design and sequin fabric make it the perfect look for you to dazzle. Fabric with sequin. Stretch fabric. Tailored design. Short design. Maxi flounce. No closure. Made in Portugal. Party and ceremony collection. Items from the CAPSULE collection can be exchanged or returned within 14 days from the date of shipment. Back closure. Slim fit. Sleeveless. Lining only. Strapless. This garment is part of our event collection, designed to make you the perfect guest at any party, wedding, or ceremony.","2, 4, 6, 8","Available, Available, Available, Available",,Black
https://shop.mango.com/us/en/p/women/dresses-and-jumpsuits/dresses/sequined-halter-neck-dress_77039064,77039064,Fabric with sequin. Fitted design. Short design. Halter neck. Sleeveless. Keyhole detail on the back with button fastening. Inner lining. Party and ceremony collection. The model is 1.77 tall and is wearing a size 36. The model is 1.78 tall and is wearing a size 36.,"0, 2, 4, 6, 8, 10, 12","Not Available, Available, Available, Available, Not Available, Not Available, Not Available",,Burgundy
https://shop.mango.com/us/en/p/women/dresses-and-jumpsuits/dresses/short-asymmetrical-sleeve-dress_87094090,87094090,Fluid fabric. Short design. A-line design. Turtleneck. Asymmetric sleeves. Short sleeve with ruffle. Back zipper closure.,"2, 4, 6, 8, 10","Available, Available, Available, Last Few Items, Not Available",,Black
https://shop.mango.com/us/en/p/women/dresses-and-jumpsuits/dresses/short-balloon-effect-dress_87029068,87029068,Cotton fabric. Short design. Fitted design. Bubble hem. Strapless. Sleeveless. Bubble hem. Back zipper closure.,"2, 4, 6, 8","Available, Available, Available, Available",,Orange
https://shop.mango.com/us/en/p/women/dresses-and-jumpsuits/dresses/short-balloon-effect-dress_87047181,87047181,Short design. Fitted design. Bubble hem. Round neck. Sleeveless. Wide straps. Bubble hem. Side zipper closure. Exclusive Online.,"4, 6, 8","Available, Available, Not Available",,Red
https://shop.mango.com/us/en/p/women/dresses-and-jumpsuits/dresses/short-balloon-effect-gathered-dress_87035768,87035768,Party and ceremony collection. Short design. Bubble hem. Low neckline. Thin Straps. Runched detail in the neckline. Gathered detail at the waist. No closure. Inner lining.,"2, 4, 6, 8","Available, Available, Available, Available",,Black
https://shop.mango.com/us/en/p/women/dresses-and-jumpsuits/dresses/short-belted-dress_87038652,87038652,Straight design. Short design. Fitted design. Boat neck. Short sleeve. Decorative belt. No closure.,"2, 4, 6, 8, 10","Available, Available, Available, Available, Available",,Pastel Pink
https://shop.mango.com/us/en/p/women/dresses-and-jumpsuits/dresses/short-button-down-linen-blend-dress_87039065,87039065,Linen blend fabric. Short design. Fitted design. Boat neck. Two side welt pockets. Front button closure. Inner lining. Available in Plus.,"0, 2, 4, 6, 8, 10, 12","Not Available, Available, Available, Available, Available, Available, Not Available",,Ecru
https://shop.mango.com/us/en/p/women/dresses-and-jumpsuits/dresses/short-button-down-linen-blend-dress_87039065?c=74,87039065,Linen blend fabric. Short design. Fitted design. Boat neck. Two side welt pockets. Front button closure. Inner lining. Available in Plus.,"0, 2, 4, 6, 8, 10, 12, 14, 16, 18, 20","Last Few Items, Available, Available, Available, Available, Available, Not Available, Not Available, Last Few Items, Last Few Items, Not Available",,Strawberry
https://shop.mango.com/us/en/p/women/dresses-and-jumpsuits/dresses/short-chiffon-combined-dress_87014425,87014425,"Cotton blend fabric. Short design. Fitted design. Strapless. Sleeveless. Side closure. Inner lining. Selection Collection. This garment is part of our event collection, designed to make you the perfect guest at any party, wedding, or ceremony.","2, 4, 6, 8","Available, Available, Available, Available",,Ecru
https://shop.mango.com/us/en/p/women/dresses-and-jumpsuits/dresses/short-combined-dress_87099208,87099208,Combined design. Short design. Fitted design. Boat neck. Sleeveless. Ruffle hem. No closure.,"0, 2, 4, 6, 8, 10, 12","Available, Available, Available, Available, Available, Available, Last Few Items",,Black
https://shop.mango.com/us/en/p/women/dresses-and-jumpsuits/dresses/short-cut-out-dress-with-bows_87049067,87049067,Cotton fabric. Short design. Straight design. Low neckline. Sleeveless. Thin strap. Thin Straps. Side slits. Bow details on the sides. Back zipper closure.,"4, 6, 8","Available, Available, Available",,Sky Blue
https://shop.mango.com/us/en/p/women/dresses-and-jumpsuits/dresses/short-dress-with-combined-design_87099209,87099209,100% cotton fabric. Fitted design. Short design. Upper body with striped print. Gathered detail. No closure.,"0, 2, 4, 6, 8, 10, 12","Available, Available, Available, Available, Available, Available, Available",,Black
https://shop.mango.com/us/en/p/women/dresses-and-jumpsuits/dresses/short-dress-with-gathered-panels_87018656,87018656,Peak Lapel. Thin Strap. Short design. Straight design. V-neck. Sleeveless. Thin Straps. Gathered details. No closure.,"2, 4, 6, 8, 10","Available, Available, Available, Available, Available",,Navy
https://shop.mango.com/us/en/p/women/dresses-and-jumpsuits/dresses/short-dress-with-wide-straps_87028653,87028653,Short design. Fitted design. Low neckline. Sleeveless. Wide straps. Dart detail. No closure.,"2, 4, 6, 8, 10","Available, Available, Available, Available, Available",,Off White
https://shop.mango.com/us/en/p/women/dresses-and-jumpsuits/dresses/short-flared-dress_87009096,87009096,Short design. A-line design. Boat neck. Back neckline. Sleeveless. Wide straps. Back zipper closure. Inner lining.,"0, 2, 4, 6, 8, 10, 12","Available, Available, Available, Available, Available, Available, Available",,Red
https://shop.mango.com/us/en/p/women/dresses-and-jumpsuits/dresses/short-flared-knitted-dress_87095762,87095762,"Short design. Peplum design. Perkins collar. Sleeveless. Button closure at the back. This garment is part of our event collection, designed to make you the perfect guest at any party, wedding, or ceremony.","2, 4, 6, 8, 10","Available, Available, Available, Available, Available",,Black
https://shop.mango.com/us/en/p/women/dresses-and-jumpsuits/dresses/short-floral-print-dress-with-ruffle-detail_87055766,87055766,"Chiffon fabric. Short design. Straight design. Floral print. Low neckline. Double thin straps. Frill detail. Side zipper closure. Inner lining. This garment is part of our event collection, designed to make you the perfect guest at any party, wedding, or ceremony.","2, 4, 6, 8","Available, Available, Available, Available",,Ecru
https://shop.mango.com/us/en/p/women/dresses-and-jumpsuits/dresses/short-floral-textured-dress_87069064,87069064,100% cotton fabric. Short design. A-line design. Fabric with floral texture. Low neckline. Sleeveless. Thin adjustable straps. Side zipper closure. Inner lining. Exclusive Online.,"4, 6, 8","Available, Available, Available",,White
https://shop.mango.com/us/en/p/women/dresses-and-jumpsuits/dresses/short-knitted-dress-with-pleats_87074071,87074071,Fine knit fabric. Short design. A-line design. Patterned design. Round neck. Long sleeves. No closure.,"2, 4, 6, 8, 10","Available, Available, Available, Available, Last Few Items",,Ecru
https://shop.mango.com/us/en/p/women/dresses-and-jumpsuits/dresses/short-knitted-turtleneck-dress_87040284,87040284,Medium knit. Short design. Straight design. Rolled neck. Long sleeves. The model is 1.77 tall and is wearing a size 36. The model is 1.78 tall and is wearing a size 36.,"0, 2, 4, 6, 8, 10, 12, 14, 16, 18, 20","Not Available, Available, Available, Available, Available, Last Few Items, Not Available, Available, Last Few Items, Last Few Items, Last Few Items",,Khaki
https://shop.mango.com/us/en/p/women/dresses-and-jumpsuits/dresses/short-knitted-turtleneck-dress_87040284?c=05,87040284,Medium knit. Short design. Straight design. Rolled neck. Long sleeves. The model is 1.77 tall and is wearing a size 36. The model is 1.78 tall and is wearing a size 36.,"0, 2, 4, 6, 8, 10, 12","Not Available, Last Few Items, Available, Available, Available, Last Few Items, Not Available",,Ecru
https://shop.mango.com/us/en/p/women/dresses-and-jumpsuits/dresses/short-knitted-turtleneck-dress_87040284?c=94,87040284,Medium knit. Short design. Straight design. Rolled neck. Long sleeves. The model is 1.77 tall and is wearing a size 36. The model is 1.78 tall and is wearing a size 36.,"0, 2, 4, 6, 8, 10, 12, 14, 16, 18, 20","Not Available, Available, Available, Available, Available, Last Few Items, Not Available, Available, Last Few Items, Last Few Items, Last Few Items",,Medium Heather Grey
https://shop.mango.com/us/en/p/women/dresses-and-jumpsuits/dresses/short-peplum-knitted-dress_87084812,87084812,Fine knit fabric. Peplum design. Short design. Halter neck. Sleeveless. No closure.,"2, 4, 6, 8, 10","Available, Available, Available, Available, Available",,Maroon
https://shop.mango.com/us/en/p/women/dresses-and-jumpsuits/dresses/short-pinstripe-dress_77095997,77095997,Pinstripe print. Round neck. Sleeveless. Invisible back zip fastening. Button closure at the back. Two welt pockets on the front. Dart detail. The model is 1.81 tall and is wearing a size 37. Short design. A-line design.,"0, 2, 4, 6, 8, 10, 12","Not Available, Available, Available, Available, Available, Not Available, Last Few Items",,Dark Navy
https://shop.mango.com/us/en/p/women/dresses-and-jumpsuits/dresses/short-pleated-cotton-dress_17031271,17031271,Short design. Straight design. Low neckline. Sleeveless. Thin Straps. Decorative pleats at front. No closure. Exclusive Online.,"0, 2, 4, 6, 8, 10","Available, Available, Available, Available, Available, Available",,Black
https://shop.mango.com/us/en/p/women/dresses-and-jumpsuits/dresses/short-pleated-linen-blend-dress_87009071,87009071,Linen and lyocell blend fabric. Short design. A-line design. Boat neck. Sleeveless. Wide straps. Pleats detail. Back zipper closure.,"0, 2, 4, 6, 8, 10, 12","Available, Available, Available, Available, Available, Available, Not Available",,Black
https://shop.mango.com/us/en/p/women/dresses-and-jumpsuits/dresses/short-strapless-dress-with-mirrors_87000276,87000276,"We have designed the piece that will make you the life of the party. Its design with matching mirrors and strapless will make you shine at your most special events of the moment. Satin fabric. Italian fabric. Metal mirror wall light. Fitted design. Short design. Strapless. Sleeveless. Side zipper closure. Inner lining. Party and ceremony collection. Items from the CAPSULE collection can be exchanged or returned within 14 days from the date of shipment. This garment is part of our event collection, designed to make you the perfect guest at any party, wedding, or ceremony.","2, 4, 6, 8, 10","Available, Available, Available, Available, Last Few Items",,Black
https://shop.mango.com/us/en/p/women/dresses-and-jumpsuits/dresses/short-striped-dress-with-knot_87078651,87078651,Short design. Straight design. Striped print. Round neck. Short sleeve. Knot detail at the waist. Adjustable knot. No closure.,"2, 4, 6, 8, 10","Available, Available, Available, Available, Available",,Sky Blue
https://shop.mango.com/us/en/p/women/dresses-and-jumpsuits/dresses/short-tweed-dress_77086764,77086764,Tweed fabric. Straight design. Short design. Round neck. Wide straps. Sleeveless. Back zipper closure. Inner lining. Frayed finish.,"0, 2, 4, 6, 8, 10, 12","Available, Last Few Items, Available, Available, Available, Not Available, Available",,Dark Navy
https://shop.mango.com/us/en/p/women/dresses-and-jumpsuits/dresses/strapless-dress-with-shiny-details_87004428,87004428,"Satin fabric. Short design. Fitted design. Strapless. Turn-down neckline. Sleeveless. Back zipper closure. Sparkly decorative appliqu√©s. Inner lining. Selection Collection. This garment is part of our event collection, designed to make you the perfect guest at any party, wedding, or ceremony.","2, 4, 6, 8","Available, Available, Available, Available",,Black
https://shop.mango.com/us/en/p/women/dresses-and-jumpsuits/dresses/strapless-floral-dress_87049066,87049066,Cotton fabric. Short design. Fitted design. Floral print. Strapless. Side zipper closure. Inner lining. Exclusive Online.,"2, 4, 6, 8","Available, Available, Available, Available",,Ecru
https://shop.mango.com/us/en/p/women/dresses-and-jumpsuits/dresses/striped-cotton-shirt-dress_87050577,87050577,Cotton blend fabric. Short design. Striped print. Shirt-style. Short sleeve. Button Closure at the Front. Straight design.,"2, 4, 6, 8, 10","Available, Available, Available, Available, Not Available",,Red
https://shop.mango.com/us/en/p/women/dresses-and-jumpsuits/dresses/striped-dress-with-metallic-buttons_87080586,87080586,Fine knit fabric. Short design. Straight design. Striped print. Round neck. Wide straps. No closure.,"2, 4, 6, 8, 10","Not Available, Last Few Items, Last Few Items, Last Few Items, Not Available",,Black
https://shop.mango.com/us/en/p/women/dresses-and-jumpsuits/dresses/striped-dress-with-metallic-buttons_87080586?c=70,87080586,Fine knit fabric. Short design. Straight design. Striped print. Round neck. Wide straps. No closure.,"2, 4, 6, 8, 10","Last Few Items, Available, Available, Last Few Items, Not Available",,Red
https://shop.mango.com/us/en/p/women/dresses-and-jumpsuits/dresses/striped-short-dress_77064031?c=92,77064031,Short design. Round neck. Sleeveless. Fitted design. Striped design.,"0, 2, 4, 6, 8, 10, 12","Not Available, Available, Available, Not Available, Not Available, Last Few Items, Last Few Items",,Grey
https://shop.mango.com/us/en/p/women/dresses-and-jumpsuits/dresses/textured-asymmetrical-dress_77068276,77068276,Textured fabric. Asymmetric design. Wrap design. Straight design. Short design. Asymmetric neckline. Long sleeves. Side zipper closure. Party and ceremony collection. The model is 1.78 tall and is wearing a size 36. The model is 1.77 tall and is wearing a size 36.,"0, 2, 4, 6, 8, 10, 12","Last Few Items, Available, Available, Available, Available, Available, Last Few Items",,Black
https://shop.mango.com/us/en/p/women/dresses-and-jumpsuits/dresses/wrap-dress-with-shirt-collar_87094069,87094069,Straight design. Short design. Lapel-collar V-neck collar. Wrap neckline. Removable bow on the neck. Long sleeve with buttoned cuffs. Pleats at the waist. No closure.,"2, 4, 6, 8, 10","Available, Available, Available, Available, Available",,Black
https://shop.mango.com/us/en/p/women/dresses-and-jumpsuits/dresses/zebra-back-bow-satin-dress_87084092,87084092,Fluid fabric with satin finish. Short design. A-line design. Animal print. Zebra print. Draped neckline. Long sleeves. Back zipper closure. Inner lining. Available in Plus.,"0, 2, 4, 6, 8, 10, 12, 14, 16, 18, 20","Last Few Items, Available, Available, Available, Available, Available, Last Few Items, Not Available, Last Few Items, Last Few Items, Not Available",,Brown
https://shop.mango.com/us/en/p/women/dresses-and-jumpsuits/jumpsuits/belt-short-jumpsuit_87070582,87070582,Fluid fabric. Straight design. Short design. Lapel-collar V-neck collar. Short sleeve. Button Closure at the Front. Removable belt at the waist.,"XS, S, M, L, XL","Last Few Items, Not Available, Not Available, Not Available, Not Available",,Dark Navy
https://shop.mango.com/us/en/p/women/dresses-and-jumpsuits/jumpsuits/belt-short-jumpsuit_87070582?c=70,87070582,Fluid fabric. Straight design. Short design. Lapel-collar V-neck collar. Short sleeve. Button Closure at the Front. Removable belt at the waist.,"XS, S, M, L, XL","Last Few Items, Available, Last Few Items, Not Available, Not Available",,Red
https://shop.mango.com/us/en/p/women/dresses-and-jumpsuits/jumpsuits/cotton-short-jumpsuit_87090576,87090576,Cotton blend fabric. Short design. Straight design. Shirt-style. Shirt Collar. Short sleeve. Button Closure at the Front. Removable bow on the waist.,"XS, S, M, L, XL","Last Few Items, Available, Last Few Items, Last Few Items, Last Few Items",,Blue
https://shop.mango.com/us/en/p/women/dresses-and-jumpsuits/jumpsuits/denim-dungarees-stripes_77062919,77062919,Denim-style cotton fabric. Short design. Two side patch pockets. Square neckline. Sleeveless. Wide straps. Button closure. Striped design.,"XS, S, M, L, XL","Available, Available, Available, Available, Available",,Beige
https://shop.mango.com/us/en/p/women/dresses-and-jumpsuits/jumpsuits/denim-overalls-with-embroidered-detail_87090591,87090591,100% cotton fabric. Straight design. Short design. Ribbon on the waist with tie closure. Lapel-collar V-neck collar. Sleeveless. Embroidered details. Button Closure at the Front.,"XS, S, M, L, XL","Available, Available, Available, Last Few Items, Not Available",,Medium Blue
https://shop.mango.com/us/en/p/women/dresses-and-jumpsuits/jumpsuits/short-sleeved-tweed-jumpsuit_87070595,87070595,"Tweed fabric. Straight design. Short design. V-neck. Short sleeve. Two welt pockets on the front. Two patch pockets at chest. Button Closure at the Front. Inner lining. This garment is part of our event collection, designed to make you the perfect guest at any party, wedding, or ceremony.","XS, S, M, L, XL","Last Few Items, Available, Available, Available, Last Few Items",,Ecru
